{"test_accuracy": 0.991100013256073, "test_loss": 0.026600103825330734}